Rank,Team,W,L,T,PCT,G,AB,H,BA,IP,R,ER,ERA,PO,A,E
1,UT Tyler (Lone Star),62,5,0,0.925,48,1302,475,0.365,425.2,102,73,1.2,1202,454,31
2,Francis Marion (Conference Carolinas),53,6,0,0.898,64,1727,621,0.36,408.2,108,72,1.23,1276,391,37
3,West Tex. A&M (Lone Star),56,8,0,0.875,26,688,247,0.359,410.1,101,75,1.28,1246,454,38
4,Central Okla. (Mid-America Intercollegiate),52,11,0,0.825,57,1559,558,0.358,425.2,96,80,1.32,1180,415,36
5,Augustana (SD) (NSIC),50,11,0,0.82,67,1683,587,0.349,358,97,82,1.6,1185,421,37
6,Southern Ark. (GAC),43,10,0,0.811,57,1552,535,0.345,366.1,124,93,1.78,1277,352,39
7,Tampa (Sunshine State),48,12,0,0.8,46,1277,438,0.343,394.1,125,104,1.85,1074,266,33
8,East Stroudsburg (PSAC),48,12,1,0.795,52,1404,480,0.342,384.1,127,103,1.88,958,421,35
9,Pace (NE10),48,13,0,0.787,64,1790,610,0.341,376.1,158,107,1.99,986,343,34
10,Western Wash. (Great Northwest),47,13,0,0.783,59,1617,549,0.34,383.2,150,110,2.01,1168,414,42
11,Tuskegee (SIAC),27,8,0,0.771,58,1573,534,0.339,400.2,144,116,2.03,971,375,36
12,Angelo St. (Lone Star),47,14,0,0.77,60,1669,565,0.339,383,152,111,2.03,1113,270,37
13,Saginaw Valley (GLIAC),49,15,0,0.766,57,1591,535,0.336,389.1,142,113,2.03,1183,382,43
14,AUM (Gulf South),41,13,0,0.759,54,1449,485,0.335,395.2,149,116,2.05,980,391,38
15,Tiffin (G-MAC),43,14,0,0.754,42,1148,383,0.334,376.1,140,113,2.1,1142,504,46
16,North Georgia (Peach Belt),48,16,0,0.75,54,1407,469,0.333,298,122,91,2.14,1071,451,44
16,Winona St. (NSIC),42,14,0,0.75,54,1407,469,0.333,298,122,91,2.14,1071,451,44
18,Saint Leo (Sunshine State),40,14,0,0.741,56,1489,494,0.332,395.1,143,125,2.21,954,376,39
19,Colo. Christian (RMAC),44,16,0,0.733,63,1612,533,0.331,326,142,105,2.25,1073,476,46
20,St. Cloud St. (NSIC),41,15,0,0.732,57,1636,540,0.33,392,171,127,2.27,1238,472,51
21,Cal St. East Bay (CCAA),40,15,0,0.727,48,1322,436,0.33,401.1,170,135,2.35,990,344,40
22,Rogers St. (Mid-America Intercollegiate),39,15,0,0.722,56,1525,501,0.329,348,176,119,2.39,1194,371,47
23,CUI (PacWest),41,16,0,0.719,60,1649,540,0.327,327,136,112,2.4,1071,424,45
24,Goldey-Beacom (CACC),40,16,0,0.714,62,1700,556,0.327,393.2,166,135,2.4,1204,401,49
25,Nova Southeastern (Sunshine State),39,16,0,0.709,51,1367,447,0.327,393.1,158,135,2.4,1076,419,46
26,MSU Denver (RMAC),41,17,0,0.707,56,1504,489,0.325,372.1,161,128,2.41,1038,283,41
27,Pittsburg St. (Mid-America Intercollegiate),38,16,0,0.704,46,1275,414,0.325,403.2,176,139,2.41,1211,332,48
28,Colorado Mesa (RMAC),40,17,0,0.702,54,1509,488,0.323,319.1,157,110,2.41,1007,438,45
29,Minn. Duluth (NSIC),39,17,0,0.696,46,1266,409,0.323,379.2,171,131,2.42,978,237,38
30,Kutztown (PSAC),43,19,0,0.694,51,1399,451,0.322,419.2,204,145,2.42,800,345,36
31,West Florida (Gulf South),38,17,0,0.691,49,1341,432,0.322,371,145,129,2.43,1138,481,51
32,Charleston (WV) (MEC),37,17,0,0.685,58,1580,506,0.32,363.2,144,127,2.44,810,267,34
33,Harding (GAC),39,18,0,0.684,55,1543,492,0.319,357.2,140,125,2.45,1091,351,46
33,Hillsdale (G-MAC),39,18,0,0.684,55,1543,492,0.319,357.2,140,125,2.45,1091,351,46
35,Rollins (Sunshine State),30,14,0,0.682,50,1390,442,0.318,357,155,126,2.47,1060,300,44
36,Findlay (G-MAC),34,16,0,0.68,58,1608,511,0.318,405.2,207,145,2.5,1223,468,55
37,Glenville St. (MEC),36,17,0,0.679,28,747,237,0.317,415.1,165,153,2.58,1129,316,47
37,Okla. Baptist (GAC),36,17,0,0.679,28,747,237,0.317,415.1,165,153,2.58,1129,316,47
39,Bridgeport (CACC),33,16,0,0.673,35,859,272,0.317,353.2,163,131,2.59,1114,478,52
40,Mo. Southern St. (Mid-America Intercollegiate),39,19,0,0.672,56,1562,494,0.316,353.1,160,131,2.6,760,340,36
41,Lenoir-Rhyne (SAC),38,19,0,0.667,53,1393,440,0.316,371.2,179,138,2.6,993,428,47
41,Tusculum (SAC),38,19,0,0.667,53,1393,440,0.316,371.2,179,138,2.6,993,428,47
41,Saint Martin's (Great Northwest),32,16,0,0.667,53,1393,440,0.316,371.2,179,138,2.6,993,428,47
41,Southern Wesleyan (Conference Carolinas),30,15,0,0.667,53,1393,440,0.316,371.2,179,138,2.6,993,428,47
45,Minnesota St. (NSIC),39,20,0,0.661,45,1199,376,0.314,364.2,201,137,2.63,1071,371,48
45,San Fran. St. (CCAA),39,20,0,0.661,45,1199,376,0.314,364.2,201,137,2.63,1071,371,48
47,Barry (Sunshine State),38,20,0,0.655,53,1462,458,0.313,364,162,138,2.65,1133,285,48
48,Mississippi Col. (Gulf South),36,19,0,0.655,55,1525,477,0.313,385.1,171,147,2.67,1043,431,50
48,Wilmington (DE) (CACC),36,19,0,0.655,55,1525,477,0.313,385.1,171,147,2.67,1043,431,50
50,Fairmont St. (MEC),36,19,1,0.652,57,1529,476,0.311,287.2,136,112,2.73,1151,397,53
51,Cal St. San Marcos (CCAA),43,23,0,0.652,50,1385,431,0.311,363.1,166,144,2.77,899,348,43
52,Biola (PacWest),39,21,0,0.65,49,1345,418,0.311,384,200,153,2.79,1117,360,51
53,Lewis (GLVC),37,20,0,0.649,55,1506,468,0.311,346,168,138,2.79,1211,547,61
54,UIndy (GLVC),42,23,0,0.646,60,1651,513,0.311,346.2,194,139,2.81,1033,403,50
55,Okla. Christian (Lone Star),38,21,0,0.644,53,1418,438,0.309,265.1,136,108,2.85,796,351,40
56,Albany St. (GA) (SIAC),27,15,0,0.643,50,1386,427,0.308,338.1,207,139,2.88,1000,317,46
57,West Chester (PSAC),33,19,0,0.635,54,1536,473,0.308,328.2,176,136,2.9,1048,410,51
58,Seton Hill (PSAC),29,17,0,0.63,61,1535,472,0.307,321,163,134,2.92,1254,489,61
59,Lincoln Memorial (SAC),34,20,0,0.63,52,1441,443,0.307,371,209,158,2.98,913,315,43
60,Wingate (SAC),39,23,0,0.629,43,1178,362,0.307,288,174,123,2.99,1231,474,60
61,North Greenville (Conference Carolinas),35,21,0,0.625,52,1362,418,0.307,439.2,242,189,3.01,1099,292,49
61,Winston-Salem (CIAA),20,12,0,0.625,52,1362,418,0.307,439.2,242,189,3.01,1099,292,49
63,Ill. Springfield (GLVC),33,20,0,0.623,49,1329,407,0.306,358.2,214,155,3.03,1014,288,46
64,Lubbock Christian (Lone Star),36,22,0,0.621,49,1274,390,0.306,404,225,175,3.03,1156,425,56
64,Shippensburg (PSAC),36,22,0,0.621,49,1274,390,0.306,404,225,175,3.03,1156,425,56
66,Embry-Riddle (FL) (Sunshine State),29,18,0,0.617,53,1487,454,0.305,338.2,195,148,3.06,1181,479,59
67,Central Mo. (Mid-America Intercollegiate),30,19,0,0.612,51,1343,410,0.305,377.2,204,166,3.08,1085,405,53
67,West Ala. (Gulf South),30,19,0,0.612,51,1343,410,0.305,377.2,204,166,3.08,1085,405,53
69,Bloomsburg (PSAC),33,21,0,0.611,54,1485,452,0.304,253.1,133,112,3.09,1022,345,49
69,McKendree (GLVC),33,21,0,0.611,54,1485,452,0.304,253.1,133,112,3.09,1022,345,49
69,Southern Nazarene (GAC),33,21,0,0.611,54,1485,452,0.304,253.1,133,112,3.09,1022,345,49
72,Gannon (PSAC),29,19,0,0.604,40,1104,335,0.303,347.1,208,156,3.14,877,440,48
73,Missouri Western (Mid-America Intercollegiate),32,21,0,0.604,51,1302,395,0.303,434,243,195,3.15,1187,511,62
74,Drury (GLVC),35,23,0,0.603,48,1290,391,0.303,366.1,214,165,3.15,1109,479,58
75,Flagler (Peach Belt),33,22,0,0.6,41,1202,364,0.303,357,187,161,3.16,1064,342,52
75,Eckerd (Sunshine State),30,20,0,0.6,41,1202,364,0.303,357,187,161,3.16,1064,342,52
77,Emory & Henry (SAC),31,21,0,0.596,55,1470,444,0.302,412.2,229,188,3.19,899,395,49
77,St. Thomas Aquinas (ECC),31,21,0,0.596,55,1470,444,0.302,412.2,229,188,3.19,899,395,49
77,Washburn (Mid-America Intercollegiate),31,21,0,0.596,55,1470,444,0.302,412.2,229,188,3.19,899,395,49
80,Trevecca Nazarene (Gulf South),28,19,0,0.596,65,1760,530,0.301,353,201,162,3.21,890,266,44
81,Sonoma St. (CCAA),36,25,0,0.59,52,1370,412,0.301,369.2,208,170,3.22,1058,327,53
82,St. Anselm (NE10),23,16,0,0.59,44,1174,353,0.301,309,186,143,3.24,1025,434,56
83,Azusa Pacific (PacWest),31,22,0,0.585,59,1551,466,0.3,347.1,201,161,3.24,1005,422,55
84,Carson-Newman (SAC),28,20,0,0.583,56,1544,463,0.3,387.2,228,181,3.27,1114,405,59
84,Northwood (G-MAC),28,20,0,0.583,56,1544,463,0.3,387.2,228,181,3.27,1114,405,59
86,Dominican (CA) (PacWest),32,23,0,0.582,61,1632,489,0.3,403.2,237,189,3.28,1045,442,58
87,Slippery Rock (PSAC),29,21,0,0.58,62,1699,509,0.3,333.2,189,157,3.29,1014,369,54
88,UC-Colo. Springs (RMAC),33,24,0,0.579,59,1529,458,0.3,300.1,193,142,3.31,1155,484,64
89,Southern N.H. (NE10),26,19,0,0.578,64,1714,513,0.299,270.1,155,128,3.31,983,450,56
90,Bowie St. (CIAA),27,20,0,0.574,58,1554,465,0.299,318.1,178,151,3.32,909,319,48
91,Emporia St. (Mid-America Intercollegiate),31,23,0,0.574,43,1150,344,0.299,326.2,201,155,3.32,1042,480,60
91,Spring Hill (SIAC),31,23,0,0.574,43,1150,344,0.299,326.2,201,155,3.32,1042,480,60
93,Ferris St. (GLIAC),28,21,0,0.571,46,1288,385,0.299,304.2,192,146,3.35,910,407,52
94,UAH (Gulf South),29,22,0,0.569,57,1593,476,0.299,350.1,198,169,3.38,1127,289,56
94,Florida Tech (Sunshine State),29,22,0,0.569,57,1593,476,0.299,350.1,198,169,3.38,1127,289,56
96,Indiana (PA) (PSAC),26,20,0,0.565,55,1505,449,0.298,305.1,179,149,3.42,1107,377,59
97,Montevallo (Gulf South),31,24,0,0.564,55,1506,449,0.298,335,214,164,3.43,1172,598,71
97,Wayne St. (NE) (NSIC),31,24,0,0.564,55,1506,449,0.298,335,214,164,3.43,1172,598,71
99,Columbus St. (Peach Belt),32,25,0,0.561,50,1395,414,0.297,348.2,210,171,3.43,926,369,52
100,Cal Poly Humboldt (CCAA),28,22,0,0.56,54,1494,443,0.297,372.2,226,183,3.44,1042,422,59
101,Henderson St. (GAC),30,24,0,0.556,53,1431,424,0.296,380.2,225,187,3.44,1212,338,63
102,Cal St. Dom. Hills (CCAA),31,25,0,0.554,57,1489,441,0.296,385,236,190,3.45,1055,393,59
102,West Liberty (MEC),31,25,0,0.554,57,1489,441,0.296,385,236,190,3.45,1055,393,59
104,Bentley (NE10),26,21,0,0.553,43,1126,333,0.296,382,222,191,3.5,779,295,44
104,Bentley (NE10),26,21,0,0.553,43,1126,333,0.296,296,182,148,3.5,779,295,44
106,King (TN) (Conference Carolinas),28,23,0,0.549,50,1349,398,0.295,283.1,194,143,3.53,843,262,46
107,Cameron (Lone Star),29,24,0,0.547,53,1490,439,0.295,330.2,218,168,3.56,864,384,52
107,Wis.-Parkside (GLIAC),29,24,0,0.547,53,1490,439,0.295,330.2,218,168,3.56,864,384,52
109,Eastern N.M. (Lone Star),30,25,0,0.545,58,1529,450,0.294,252.1,172,129,3.58,912,377,54
109,Malone (G-MAC),24,20,0,0.545,58,1529,450,0.294,252.1,172,129,3.58,912,377,54
111,Barton (Conference Carolinas),27,23,0,0.54,52,1316,386,0.293,378,224,194,3.59,1151,487,69
112,Anderson (SC) (SAC),28,24,0,0.538,45,1262,369,0.292,354.2,225,183,3.61,1059,412,62
113,Shepherd (PSAC),28,24,1,0.538,50,1366,399,0.292,385.1,249,199,3.62,1071,351,60
114,Franklin Pierce (NE10),22,19,0,0.537,44,1110,324,0.292,344.1,224,179,3.64,916,292,51
115,D'Youville (ECC),23,20,0,0.535,54,1453,423,0.291,296.2,188,155,3.66,950,352,55
116,Fort Hays St. (Mid-America Intercollegiate),24,21,0,0.533,48,1316,383,0.291,344,234,181,3.68,1029,455,63
117,USC Aiken (Peach Belt),28,25,0,0.528,47,1249,363,0.291,276,190,146,3.7,1092,438,65
118,Southwest Minn. St. (NSIC),29,26,0,0.527,46,1174,341,0.29,370.1,260,196,3.7,914,326,53
119,Edward Waters (SIAC),27,25,0,0.519,50,1212,352,0.29,190.2,137,101,3.71,1082,431,65
119,Minot St. (NSIC),27,25,0,0.519,50,1212,352,0.29,190.2,137,101,3.71,1082,431,65
119,UNC Pembroke (Conference Carolinas),27,25,0,0.519,50,1212,352,0.29,190.2,137,101,3.71,1082,431,65
122,Maryville (MO) (GLVC),28,26,0,0.519,52,1393,404,0.29,334.2,238,182,3.81,999,324,57
123,Augusta (Peach Belt),29,27,0,0.518,53,1376,399,0.29,337,226,186,3.86,1195,493,73
124,Mercy (ECC),23,22,0,0.511,45,1146,332,0.29,260.1,192,145,3.9,875,302,51
125,Truman St. (GLVC),26,25,0,0.51,53,1462,423,0.289,347.2,234,194,3.91,1106,402,66
125,Valdosta St. (Gulf South),26,25,0,0.51,53,1462,423,0.289,347.2,234,194,3.91,1106,402,66
127,CSU Pueblo (RMAC),27,26,0,0.509,42,1101,318,0.289,418.1,276,235,3.93,992,449,64
127,Grand Valley St. (GLIAC),27,26,0,0.509,42,1101,318,0.289,418.1,276,235,3.93,992,449,64
129,Davis & Elkins (MEC),28,28,0,0.5,55,1428,412,0.289,323.1,227,182,3.94,1302,382,75
129,Black Hills St. (RMAC),27,27,0,0.5,55,1428,412,0.289,323.1,227,182,3.94,1302,382,75
129,Ga. Southwestern (Peach Belt),27,27,0,0.5,55,1428,412,0.289,323.1,227,182,3.94,1302,382,75
129,Ohio Dominican (G-MAC),27,27,0,0.5,55,1428,412,0.289,323.1,227,182,3.94,1302,382,75
129,Cal St. Monterey Bay (CCAA),26,26,0,0.5,55,1428,412,0.289,323.1,227,182,3.94,1302,382,75
129,Lander (Peach Belt),25,25,0,0.5,55,1428,412,0.289,323.1,227,182,3.94,1302,382,75
129,Lee (Gulf South),25,25,0,0.5,55,1428,412,0.289,323.1,227,182,3.94,1302,382,75
129,Caldwell (CACC),24,24,0,0.5,55,1428,412,0.289,323.1,227,182,3.94,1302,382,75
129,Claflin (CIAA),24,24,0,0.5,55,1428,412,0.289,323.1,227,182,3.94,1302,382,75
129,Ashland (G-MAC),23,23,0,0.5,55,1428,412,0.289,323.1,227,182,3.94,1302,382,75
129,Catawba (SAC),23,23,0,0.5,55,1428,412,0.289,323.1,227,182,3.94,1302,382,75
129,Northwest Nazarene (Great Northwest),23,23,0,0.5,55,1428,412,0.289,323.1,227,182,3.94,1302,382,75
129,Virginia St. (CIAA),14,14,0,0.5,55,1428,412,0.289,323.1,227,182,3.94,1302,382,75
142,Arkansas Tech (GAC),27,28,0,0.491,56,1515,433,0.286,237.2,182,140,4.12,910,353,58
142,St. Edward's (Lone Star),27,28,0,0.491,56,1515,433,0.286,237.2,182,140,4.12,910,353,58
144,CSUSB (CCAA),26,27,0,0.491,54,1388,396,0.285,342.2,264,203,4.15,1093,408,69
144,Southeastern Okla. (GAC),26,27,0,0.491,54,1388,396,0.285,342.2,264,203,4.15,1093,408,69
146,Simon Fraser (Great Northwest),24,25,0,0.49,57,1619,461,0.285,303.2,265,182,4.2,1082,401,69
147,Georgia College (Peach Belt),23,24,0,0.489,54,1404,399,0.284,301.2,257,182,4.22,984,299,60
148,Young Harris (Conference Carolinas),22,23,0,0.489,41,1106,314,0.284,322.2,245,196,4.25,1056,482,72
149,Fort Valley St. (SIAC),21,22,0,0.488,42,1103,313,0.284,308.2,220,188,4.26,1128,452,74
150,Saint Michael's (NE10),18,19,1,0.487,47,1220,346,0.284,303.1,240,185,4.27,958,451,66
151,William Jewell (GLVC),24,26,0,0.48,56,1510,426,0.282,318.1,246,195,4.29,1204,417,76
152,Chico St. (CCAA),22,24,0,0.478,52,1415,399,0.282,357,251,219,4.29,1114,460,74
152,Mars Hill (SAC),22,24,0,0.478,52,1415,399,0.282,357,251,219,4.29,1114,460,74
154,Staten Island (ECC),19,21,0,0.475,53,1410,397,0.282,312.2,236,193,4.32,956,444,66
155,St. Mary's (TX) (Lone Star),26,29,0,0.473,48,1260,354,0.281,335,250,207,4.33,751,307,50
156,Salem (WV) (DII Independent),25,28,0,0.472,56,1510,424,0.281,311.1,237,193,4.34,1003,287,61
157,Adelphi (NE10),24,27,0,0.471,54,1467,411,0.28,331,255,206,4.36,947,354,62
157,Mount Olive (Conference Carolinas),24,27,0,0.471,54,1467,411,0.28,331,255,206,4.36,947,354,62
159,Southwestern Okla. (GAC),22,25,0,0.468,49,1245,348,0.28,375.2,280,235,4.38,1042,324,66
160,Holy Family (CACC),19,22,0,0.463,52,1417,396,0.279,343,282,215,4.39,1002,522,74
161,Concordia-St. Paul (NSIC),25,29,0,0.463,44,1188,332,0.279,304,242,191,4.4,810,343,56
162,Neb.-Kearney (Mid-America Intercollegiate),23,27,0,0.46,57,1452,405,0.279,262.1,227,166,4.43,1151,446,78
163,Belmont Abbey (Conference Carolinas),21,25,0,0.457,44,1132,315,0.278,321.2,246,204,4.44,1258,414,82
163,Thomas More (G-MAC),21,25,0,0.457,44,1132,315,0.278,321.2,246,204,4.44,1258,414,82
165,Concord (MEC),23,28,0,0.451,32,817,226,0.277,347.1,279,221,4.45,1076,383,72
166,Benedict (SIAC),18,22,0,0.45,45,1267,350,0.276,293.2,243,187,4.46,1016,410,71
167,Northwest Mo. St. (Mid-America Intercollegiate),22,27,0,0.449,51,1324,365,0.276,326,246,209,4.49,828,314,57
168,UVA Wise (SAC),21,26,0,0.447,47,1303,359,0.276,292.2,233,188,4.5,1032,406,72
169,Emmanuel (GA) (Conference Carolinas),23,29,0,0.442,29,690,190,0.275,341.2,270,222,4.55,1015,419,72
170,Chadron St. (RMAC),22,28,0,0.44,54,1406,387,0.275,299.2,230,196,4.58,1012,434,73
171,Assumption (NE10),21,27,0,0.438,45,1172,322,0.275,357,279,235,4.61,756,364,57
172,Tex. A&M Int'l (Lone Star),24,31,0,0.436,48,1218,334,0.274,303,232,201,4.64,1097,336,73
172,Tex. A&M-Kingsville (Lone Star),24,31,0,0.436,48,1218,334,0.274,303,232,201,4.64,1097,336,73
174,Newberry (SAC),23,30,0,0.434,50,1297,355,0.274,362,276,241,4.66,922,292,62
175,Wayne St. (MI) (GLIAC),24,32,0,0.429,52,1429,390,0.273,297,246,198,4.67,1040,291,68
175,Georgian Court (CACC),18,24,0,0.429,52,1429,390,0.273,297,246,198,4.67,1040,291,68
177,Millersville (PSAC),22,30,0,0.423,46,1224,333,0.272,301.2,270,202,4.69,969,296,65
178,Mo.-St. Louis (GLVC),19,26,0,0.422,54,1379,375,0.272,300.1,253,202,4.71,1033,425,75
179,Christian Brothers (Gulf South),21,29,0,0.42,55,1527,415,0.272,358,298,241,4.71,874,385,65
179,Lynn (Sunshine State),21,29,0,0.42,55,1527,415,0.272,358,298,241,4.71,874,385,65
179,Sioux Falls (NSIC),21,29,0,0.42,55,1527,415,0.272,358,298,241,4.71,874,385,65
179,Texas Woman's (Lone Star),21,29,0,0.42,55,1527,415,0.272,358,298,241,4.71,874,385,65
183,Chowan (Conference Carolinas),20,28,0,0.417,51,1326,359,0.271,292.2,249,198,4.74,968,394,71
183,Southwest Baptist (GLVC),20,28,0,0.417,51,1326,359,0.271,292.2,249,198,4.74,968,394,71
185,Regis (CO) (RMAC),21,30,0,0.412,55,1443,390,0.27,327.2,279,224,4.79,1000,435,75
186,Rockhurst (GLVC),18,26,0,0.409,50,1300,351,0.27,364,300,249,4.79,942,470,74
187,Colo. Sch. of Mines (RMAC),22,32,0,0.407,31,797,215,0.27,357,298,245,4.8,955,323,67
188,Bemidji St. (NSIC),21,31,0,0.404,55,1446,390,0.27,314.1,273,216,4.81,923,392,69
189,Ouachita Baptist (GAC),21,32,0,0.396,45,1141,307,0.269,246.1,214,170,4.83,980,331,69
190,Lane (SIAC),17,26,0,0.395,40,1082,291,0.269,329.2,259,229,4.86,1043,358,74
191,Southern Conn. St. (NE10),15,23,0,0.395,54,1366,367,0.269,305.2,263,213,4.88,958,364,70
192,Converse (Conference Carolinas),19,30,0,0.388,38,1008,270,0.268,338.2,308,237,4.9,983,431,75
193,East Central (GAC),17,27,0,0.386,54,1390,372,0.268,270,233,189,4.9,1049,383,76
194,Jefferson (CACC),16,26,0,0.381,53,1394,373,0.268,339.2,285,238,4.9,1044,413,78
195,Cedarville (G-MAC),19,31,0,0.38,51,1329,355,0.267,329.2,292,232,4.93,759,341,59
195,Molloy (ECC),19,31,0,0.38,51,1329,355,0.267,329.2,292,232,4.93,759,341,59
197,Midwestern St. (Lone Star),20,33,0,0.377,46,1208,322,0.267,247.2,224,175,4.95,870,303,63
198,Davenport (GLIAC),18,30,0,0.375,52,1424,378,0.265,303.1,276,217,5.01,1004,372,74
198,Savannah St. (SIAC),15,25,0,0.375,52,1424,378,0.265,303.1,276,217,5.01,1004,372,74
200,Minn.-Crookston (NSIC),20,34,0,0.37,51,1341,355,0.265,305,247,219,5.03,993,377,74
201,Limestone (SAC),14,24,0,0.368,49,1244,329,0.264,172.2,168,124,5.03,916,373,70
202,Chestnut Hill (CACC),16,28,1,0.367,45,1139,301,0.264,283.2,259,204,5.03,934,376,72
203,Dominican (NY) (CACC),16,28,0,0.364,55,1427,377,0.264,305.1,271,220,5.04,665,314,54
203,Mont. St. Billings (Great Northwest),16,28,0,0.364,55,1427,377,0.264,305.1,271,220,5.04,665,314,54
205,Lincoln (PA) (CIAA),17,30,0,0.362,53,1366,360,0.264,299,283,218,5.1,905,328,69
206,Missouri S&T (GLVC),19,34,0,0.358,40,1037,273,0.263,361,334,265,5.14,901,313,68
207,Lock Haven (PSAC),15,27,0,0.357,52,1379,363,0.263,266.2,231,197,5.17,593,191,44
208,Ark.-Monticello (GAC),17,31,0,0.354,38,1011,266,0.263,365.2,337,273,5.23,895,243,64
208,Felician (CACC),17,31,0,0.354,38,1011,266,0.263,365.2,337,273,5.23,895,243,64
210,California (PA) (PSAC),18,33,0,0.353,53,1398,367,0.263,357,338,268,5.25,870,340,69
210,Kentucky St. (SIAC),12,22,0,0.353,53,1398,367,0.263,357,338,268,5.25,870,340,69
212,MSU Moorhead (NSIC),20,37,0,0.351,40,983,258,0.262,253,267,192,5.31,916,347,73
213,West Va. Wesleyan (MEC),18,34,0,0.346,50,1247,327,0.262,230.1,238,175,5.32,924,460,80
214,American Int'l (NE10),11,21,0,0.344,48,1229,322,0.262,303,267,231,5.34,1017,396,82
214,Fayetteville St. (CIAA),11,21,0,0.344,48,1229,322,0.262,303,267,231,5.34,1017,396,82
216,Hawaii Pacific (PacWest),18,36,0,0.333,52,1466,383,0.261,303.2,294,233,5.37,887,316,70
216,Lincoln (MO) (GLVC),16,32,0,0.333,52,1466,383,0.261,303.2,294,233,5.37,887,316,70
218,Bluefield St. (CIAA),14,29,0,0.326,56,1349,351,0.26,334,366,261,5.47,1074,381,85
219,Northeastern St. (Mid-America Intercollegiate),15,33,0,0.313,48,1247,324,0.26,209.1,217,165,5.52,781,329,65
220,LeMoyne-Owen (SIAC),9,20,0,0.31,49,1264,328,0.259,221.2,232,176,5.56,480,201,40
221,Purdue Northwest (GLIAC),14,32,1,0.309,48,1265,328,0.259,275,295,219,5.57,894,329,72
222,West Virginia St. (MEC),14,32,0,0.304,50,1209,312,0.258,290,284,231,5.58,877,339,72
223,Western N.M. (Lone Star),16,37,0,0.302,46,1169,301,0.257,315.2,326,252,5.59,891,418,78
224,Clarion (PSAC),12,28,0,0.3,54,1337,344,0.257,309.1,297,247,5.59,850,285,68
225,Shorter (Conference Carolinas),13,31,0,0.295,46,1249,321,0.257,351,372,281,5.6,732,218,57
226,Palm Beach Atl. (Sunshine State),11,27,0,0.289,44,1127,289,0.256,307.1,318,247,5.63,880,370,76
227,Coker (SAC),12,30,0,0.286,54,1373,352,0.256,196,204,159,5.68,909,416,81
227,Miles (SIAC),12,30,0,0.286,54,1373,352,0.256,196,204,159,5.68,909,416,81
229,Northwestern Okla. (GAC),14,36,0,0.28,35,851,218,0.256,170,182,138,5.68,813,382,74
230,N.M. Highlands (RMAC),15,39,0,0.278,47,1238,317,0.256,291.1,290,242,5.81,949,359,81
231,Stanislaus St. (CCAA),13,34,0,0.277,53,1354,346,0.256,344.2,348,287,5.83,787,357,71
232,Pitt.-Johnstown (PSAC),11,29,0,0.275,38,992,253,0.255,303.2,324,254,5.86,941,372,82
233,Frostburg St. (MEC),13,35,0,0.271,47,1185,302,0.255,297.1,310,250,5.89,1110,423,96
234,Livingstone (CIAA),7,19,0,0.269,48,1226,311,0.254,253,265,214,5.92,739,313,66
235,Ky. Wesleyan (G-MAC),12,33,0,0.267,50,1294,328,0.253,259.2,272,223,6.01,947,466,90
236,Northern St. (NSIC),13,36,0,0.265,47,1276,323,0.253,236,275,204,6.05,706,263,62
237,Western Ore. (Great Northwest),13,37,0,0.26,54,1405,354,0.252,271,301,235,6.07,905,359,81
238,Delta St. (Gulf South),12,35,0,0.255,48,1219,307,0.252,252,269,220,6.11,784,238,66
238,Upper Iowa (GLVC),12,35,0,0.255,48,1219,307,0.252,252,269,220,6.11,784,238,66
240,New Haven (NE10),11,33,0,0.25,42,998,251,0.252,291.2,308,266,6.38,940,380,86
240,Ursuline (G-MAC),10,30,0,0.25,42,998,251,0.252,291.2,308,266,6.38,940,380,86
240,Walsh (G-MAC),10,30,0,0.25,42,998,251,0.252,291.2,308,266,6.38,940,380,86
240,Queens (NY) (ECC),9,27,0,0.25,42,998,251,0.252,291.2,308,266,6.38,940,380,86
240,Shaw (CIAA),7,21,0,0.25,42,998,251,0.252,291.2,308,266,6.38,940,380,86
245,Wheeling (MEC),12,42,0,0.222,57,1492,367,0.246,298,363,282,6.62,518,227,50
246,Academy of Art (PacWest),11,40,0,0.216,50,1270,312,0.246,250.1,286,237,6.63,878,311,80
247,Elizabeth City St. (CIAA),7,26,0,0.212,47,1228,301,0.245,303,370,287,6.63,986,333,90
248,Fort Lewis (RMAC),10,38,0,0.208,43,1021,250,0.245,332,400,315,6.64,759,288,73
249,Union (TN) (Gulf South),10,40,0,0.2,48,1191,291,0.244,160.2,212,154,6.71,764,306,75
249,Mansfield (PSAC),8,32,0,0.2,48,1191,291,0.244,160.2,212,154,6.71,764,306,75
251,Lees-McRae (Conference Carolinas),9,37,0,0.196,40,1035,252,0.243,254.2,318,252,6.93,1002,366,98
252,Virginia Union (CIAA),6,25,0,0.194,28,695,169,0.243,160.1,197,163,7.12,795,305,79
253,Erskine (Conference Carolinas),8,34,0,0.19,36,890,216,0.243,319.1,385,327,7.17,796,291,82
254,Edinboro (PSAC),7,31,0,0.184,48,1187,286,0.241,235.1,289,242,7.2,807,375,90
255,Chaminade (PacWest),9,42,0,0.176,54,1349,325,0.241,257.1,326,266,7.24,825,306,87
256,Clark Atlanta (SIAC),6,29,0,0.171,48,1244,297,0.239,265,348,274,7.24,588,198,61
257,Mary (NSIC),9,44,0,0.17,42,1090,257,0.236,319,394,336,7.37,510,222,58
258,UT Permian Basin (Lone Star),9,45,0,0.167,27,569,134,0.236,308,405,331,7.52,772,215,81
258,Fla. Southern (Sunshine State),8,40,0,0.167,27,569,134,0.236,308,405,331,7.52,772,215,81
258,Quincy (GLVC),8,40,0,0.167,27,569,134,0.236,308,405,331,7.52,772,215,81
261,Central Wash. (Great Northwest),6,32,0,0.158,48,1211,281,0.232,180.2,271,203,7.87,480,168,54
262,Newman (Mid-America Intercollegiate),7,43,0,0.14,44,1157,266,0.23,269,414,324,8.43,155,56,18
263,Allen (SIAC),3,24,0,0.111,40,998,226,0.226,202.1,318,256,8.86,625,213,72
264,Post (CACC),4,38,0,0.095,51,1302,294,0.226,265.1,419,344,9.08,708,234,81
265,Johnson C. Smith (CIAA),1,10,0,0.091,50,1258,283,0.225,238.1,390,329,9.66,624,282,80
266,Adams St. (RMAC),5,51,0,0.089,42,961,214,0.223,316,587,492,10.9,542,246,71
267,Lake Erie (G-MAC),2,44,0,0.043,46,1039,228,0.219,51.2,95,87,11.79,688,249,88
268,Bloomfield (CACC),0,36,0,0,36,786,131,0.167,138.2,329,246,12.42,416,139,67