Year,Rank,Team,W,L,T,PCT,G,AB,H,BA,IP,R,ER,ERA,PO,A,E
2024,1,UIndy (GLVC),60,7,0,0.896,48,1355,488,0.36,384,87,63,1.15,1132,306,29
2024,2,UT Tyler (Lone Star),58,8,0,0.879,60,1632,585,0.358,445,107,83,1.31,1200,436,37
2024,3,Pittsburg St. (Mid-America Intercollegiate),53,8,0,0.869,56,1520,543,0.357,395.2,103,81,1.43,1229,303,37
2024,4,Charleston (WV) (MEC),51,8,0,0.864,54,1520,538,0.354,391,117,81,1.45,1179,370,38
2024,5,West Tex. A&M (Lone Star),50,8,0,0.862,61,1712,605,0.353,340.2,114,73,1.5,1315,498,45
2024,6,Mississippi Col. (Gulf South),48,9,0,0.842,59,1697,597,0.352,367.1,103,82,1.56,1187,408,40
2024,7,Colo. Christian (RMAC),50,10,0,0.833,61,1692,593,0.35,425.2,138,104,1.71,1065,253,34
2024,7,Virginia St. (CIAA),25,5,0,0.833,61,1692,593,0.35,425.2,138,104,1.71,1065,253,34
2024,9,Wingate (SAC),49,11,0,0.817,57,1520,530,0.349,331.2,110,84,1.77,1033,315,35
2024,10,Western Wash. (Great Northwest),52,12,0,0.813,61,1666,579,0.348,360,121,93,1.81,1080,421,39
2024,11,Colorado Mesa (RMAC),46,11,0,0.807,62,1654,572,0.346,344.2,105,90,1.83,1335,463,47
2024,12,North Georgia (Peach Belt),52,13,0,0.8,58,1555,536,0.345,455,150,121,1.86,1068,387,39
2024,13,Tampa (Sunshine State),43,11,0,0.796,65,1819,625,0.344,377.1,123,102,1.89,1255,372,45
2024,14,Rogers St. (Mid-America Intercollegiate),46,12,0,0.793,52,1424,489,0.343,322,124,88,1.91,1202,351,43
2024,15,Francis Marion (Conference Carolinas),47,13,0,0.783,59,1506,517,0.343,366.1,137,101,1.93,1081,418,42
2024,16,Northwest Nazarene (Great Northwest),41,12,0,0.774,51,1438,487,0.339,366.2,140,102,1.95,1190,413,45
2024,17,AUM (Gulf South),47,14,0,0.77,57,1556,524,0.337,357,120,100,1.96,1099,428,43
2024,18,Augustana (SD) (NSIC),50,15,0,0.769,52,1397,470,0.336,366.1,124,104,1.99,1071,309,39
2024,19,Trevecca Nazarene (G-MAC),47,15,0,0.758,65,1703,572,0.336,406.1,145,116,2,979,339,38
2024,20,Rollins (Sunshine State),37,12,0,0.755,50,1345,445,0.331,303.1,116,87,2.01,922,392,38
2024,21,Fairmont St. (MEC),40,13,0,0.755,47,1285,425,0.331,368,145,107,2.04,1034,367,41
2024,22,Central Okla. (Mid-America Intercollegiate),43,14,0,0.754,54,1528,505,0.33,366.2,142,107,2.04,1063,323,41
2024,23,Okla. Baptist (GAC),41,14,0,0.745,66,1738,574,0.33,352,140,104,2.07,1020,362,41
2024,24,Lenoir-Rhyne (SAC),52,18,0,0.743,57,1593,526,0.33,293,138,87,2.08,995,251,37
2024,25,Wilmington (DE) (CACC),46,16,0,0.742,53,1472,486,0.33,380.1,159,116,2.13,1043,399,43
2024,26,CUI (PacWest),39,14,0,0.736,42,1167,383,0.328,347,181,106,2.14,1170,370,46
2024,26,Nova Southeastern (Sunshine State),39,14,0,0.736,42,1167,383,0.328,347,181,106,2.14,1170,370,46
2024,28,Minn. Duluth (NSIC),41,15,0,0.732,37,968,314,0.324,346,124,109,2.21,1192,425,49
2024,29,East Stroudsburg (PSAC),46,17,0,0.73,47,1258,408,0.324,409.2,157,131,2.24,1036,378,43
2024,30,Concordia-St. Paul (NSIC),37,14,0,0.725,58,1518,492,0.324,405.2,155,130,2.24,1219,447,51
2024,31,Minnesota St. (NSIC),39,16,0,0.709,52,1392,448,0.322,354.1,142,114,2.25,1109,348,45
2024,32,Hillsdale (G-MAC),34,14,0,0.708,70,1913,615,0.321,306.1,132,101,2.31,1141,374,47
2024,33,MSU Denver (RMAC),43,18,0,0.705,59,1629,521,0.32,410.1,185,138,2.35,943,342,40
2024,34,Lewis (GLVC),40,17,0,0.702,59,1612,514,0.319,356,137,120,2.36,1046,398,45
2024,34,Southern Nazarene (GAC),40,17,0,0.702,59,1612,514,0.319,356,137,120,2.36,1046,398,45
2024,36,Ohio Dominican (G-MAC),35,15,0,0.7,50,1437,457,0.318,393,178,134,2.39,1365,481,58
2024,37,Mount Olive (Conference Carolinas),36,16,0,0.692,57,1488,473,0.318,360.1,155,123,2.39,1035,396,46
2024,37,West Florida (Gulf South),36,16,0,0.692,57,1488,473,0.318,360.1,155,123,2.39,1035,396,46
2024,39,Alabama Huntsville (Gulf South),40,18,0,0.69,53,1502,477,0.318,400.2,166,137,2.39,1229,377,52
2024,40,Seton Hill (PSAC),37,17,0,0.685,53,1461,463,0.317,300,134,103,2.4,910,472,45
2024,40,Washburn (Mid-America Intercollegiate),37,17,0,0.685,53,1461,463,0.317,300,134,103,2.4,910,472,45
2024,42,Gannon (PSAC),32,15,0,0.681,51,1423,450,0.316,344,172,121,2.46,1050,412,48
2024,42,Lane (SIAC),32,15,0,0.681,51,1423,450,0.316,344,172,121,2.46,1050,412,48
2024,44,Pace (NE10),33,16,0,0.673,50,1326,416,0.314,283.2,136,101,2.49,1140,456,53
2024,45,Angelo St. (Lone Star),37,18,0,0.673,53,1360,424,0.312,381.1,178,136,2.5,1087,445,51
2024,45,Grand Valley St. (GLIAC),37,18,0,0.673,53,1360,424,0.312,381.1,178,136,2.5,1087,445,51
2024,47,Saint Leo (Sunshine State),38,19,0,0.667,51,1378,429,0.311,360.2,163,134,2.6,1277,480,59
2024,48,Fort Valley St. (SIAC),31,16,0,0.66,57,1497,466,0.311,188,97,71,2.64,962,284,42
2024,49,Franklin Pierce (NE10),27,14,0,0.659,57,1540,479,0.311,328.1,163,124,2.64,1058,360,48
2024,50,Barry (Sunshine State),34,18,0,0.654,54,1463,455,0.311,396.2,178,150,2.65,840,248,37
2024,50,Harding (GAC),34,18,0,0.654,54,1463,455,0.311,396.2,178,150,2.65,840,248,37
2024,52,Cal St. Dom. Hills (CCAA),39,21,0,0.65,49,1431,444,0.31,375,188,143,2.67,923,414,46
2024,53,Lander (Peach Belt),33,18,0,0.647,48,1316,408,0.31,380.1,181,147,2.71,1102,407,52
2024,54,North Greenville (Conference Carolinas),36,20,0,0.643,51,1342,416,0.31,407,209,158,2.72,1124,471,55
2024,55,Anderson (SC) (SAC),34,19,0,0.642,63,1725,534,0.31,373.2,182,146,2.74,865,288,40
2024,55,Southern Ark. (GAC),34,19,0,0.642,63,1725,534,0.31,373.2,182,146,2.74,865,288,40
2024,57,Carson-Newman (SAC),32,18,0,0.64,62,1625,501,0.308,303.2,174,120,2.77,1099,320,50
2024,58,Northwood (G-MAC),35,20,0,0.636,49,1334,410,0.307,362.1,180,146,2.82,995,280,45
2024,59,Embry-Riddle (FL) (Sunshine State),33,19,0,0.635,59,1563,480,0.307,282.2,151,115,2.85,1008,408,50
2024,59,MSU Moorhead (NSIC),33,19,0,0.635,59,1563,480,0.307,282.2,151,115,2.85,1008,408,50
2024,61,Shippensburg (PSAC),36,21,0,0.632,45,1218,373,0.306,354.1,190,145,2.86,1006,405,50
2024,62,Findlay (G-MAC),34,20,0,0.63,52,1409,431,0.306,378,188,156,2.89,635,239,31
2024,62,West Ala. (Gulf South),34,20,0,0.63,52,1409,431,0.306,378,188,156,2.89,635,239,31
2024,64,Cal St. San Marcos (CCAA),37,22,0,0.627,46,1231,376,0.305,335.1,179,139,2.9,1048,492,55
2024,65,Sonoma St. (CCAA),30,18,0,0.625,54,1406,429,0.305,393,212,163,2.9,907,352,45
2024,66,Winona St. (NSIC),33,20,0,0.623,44,1168,356,0.305,312.2,175,130,2.91,1112,509,58
2024,67,McKendree (GLVC),36,22,0,0.621,43,1116,340,0.305,400,195,167,2.92,980,415,50
2024,67,West Chester (PSAC),36,22,0,0.621,43,1116,340,0.305,400,195,167,2.92,980,415,50
2024,69,Adelphi (NE10),34,21,0,0.618,42,1146,349,0.305,344.2,175,145,2.94,1193,444,59
2024,70,Saginaw Valley (GLIAC),35,22,0,0.614,52,1389,423,0.305,330.1,179,139,2.95,921,407,48
2024,71,Assumption (NE10),25,16,0,0.61,48,1296,393,0.303,350.2,179,148,2.95,973,407,50
2024,72,Emporia St. (Mid-America Intercollegiate),31,20,0,0.608,58,1627,492,0.302,354.2,193,150,2.96,1121,424,56
2024,72,Missouri Western (Mid-America Intercollegiate),31,20,0,0.608,58,1627,492,0.302,354.2,193,150,2.96,1121,424,56
2024,74,Hawaii Hilo (PacWest),26,17,0,0.605,54,1463,440,0.301,376.1,207,162,3.01,1132,369,55
2024,75,Albany St. (GA) (SIAC),29,19,0,0.604,41,1115,335,0.3,300.2,159,130,3.03,982,297,47
2024,76,Okla. Christian (Lone Star),35,23,0,0.603,53,1452,436,0.3,268,154,116,3.03,1095,318,52
2024,77,Mo. Southern St. (Mid-America Intercollegiate),33,22,0,0.6,43,1144,343,0.3,355,174,154,3.04,999,434,53
2024,77,Purdue Northwest (GLIAC),33,22,0,0.6,43,1144,343,0.3,355,174,154,3.04,999,434,53
2024,79,Kutztown (PSAC),37,25,0,0.597,44,1183,354,0.299,331.2,178,146,3.08,902,298,45
2024,80,Azusa Pacific (PacWest),31,21,0,0.596,54,1391,416,0.299,314.1,175,140,3.12,1095,439,58
2024,81,Columbus St. (Peach Belt),35,24,0,0.593,53,1318,394,0.299,390.2,211,174,3.12,1008,416,54
2024,81,Emmanuel (GA) (Conference Carolinas),35,24,0,0.593,53,1318,394,0.299,390.2,211,174,3.12,1008,416,54
2024,81,Flagler (Peach Belt),35,24,0,0.593,53,1318,394,0.299,390.2,211,174,3.12,1008,416,54
2024,81,Notre Dame (OH) (MEC),35,24,0,0.593,53,1318,394,0.299,390.2,211,174,3.12,1008,416,54
2024,85,Frostburg St. (MEC),29,20,0,0.592,55,1402,416,0.297,334,216,153,3.21,871,300,45
2024,86,St. Thomas Aquinas (ECC),34,24,0,0.586,59,1623,481,0.296,326.2,199,150,3.21,846,245,42
2024,87,CSUSB (CCAA),28,20,0,0.583,53,1405,416,0.296,365.1,208,169,3.24,1042,334,53
2024,88,Southern N.H. (NE10),25,18,0,0.581,55,1514,448,0.296,350,201,162,3.24,914,348,49
2024,89,Spring Hill (SIAC),29,21,0,0.58,62,1655,489,0.295,335.2,196,158,3.29,900,354,49
2024,90,Bloomsburg (PSAC),33,24,0,0.579,47,1222,361,0.295,354,216,167,3.3,1051,403,57
2024,91,Tex. A&M-Kingsville (Lone Star),30,22,0,0.577,50,1334,394,0.295,305,215,144,3.3,922,450,54
2024,91,Tusculum (SAC),30,22,0,0.577,50,1334,394,0.295,305,215,144,3.3,922,450,54
2024,91,Tuskegee (SIAC),30,22,0,0.577,50,1334,394,0.295,305,215,144,3.3,922,450,54
2024,94,Valdosta St. (Gulf South),31,23,0,0.574,50,1293,381,0.295,307.2,170,146,3.32,1063,422,59
2024,95,Molloy (ECC),32,24,0,0.571,46,1332,392,0.294,381.2,225,182,3.34,1063,316,55
2024,96,USC Aiken (Peach Belt),29,22,0,0.569,47,1186,349,0.294,344.2,214,165,3.35,984,420,56
2024,97,Limestone (SAC),25,19,0,0.568,45,1165,342,0.294,336,203,161,3.35,895,430,53
2024,97,Malone (G-MAC),25,19,0,0.568,45,1165,342,0.294,336,203,161,3.35,895,430,53
2024,99,Cameron (Lone Star),30,23,0,0.566,54,1475,432,0.293,324,199,156,3.37,1009,364,55
2024,100,Glenville St. (MEC),26,20,0,0.565,54,1357,397,0.293,348.1,215,168,3.38,951,347,52
2024,101,Davis & Elkins (MEC),31,24,0,0.564,55,1499,438,0.292,356.1,229,172,3.38,1039,378,57
2024,102,Regis (CO) (RMAC),33,26,0,0.559,58,1553,451,0.29,344.1,220,167,3.39,1090,351,58
2024,103,Minot St. (NSIC),24,19,0,0.558,57,1581,459,0.29,278.1,159,135,3.4,805,382,48
2024,104,Colo. Sch. of Mines (RMAC),29,23,0,0.558,53,1420,412,0.29,290.1,185,141,3.4,1173,360,62
2024,105,Drury (GLVC),30,24,0,0.556,55,1474,427,0.29,405,253,197,3.4,1141,416,63
2024,106,Arkansas Tech (GAC),26,21,0,0.553,49,1369,396,0.289,369.2,204,180,3.41,1221,376,65
2024,107,St. Mary's (TX) (Lone Star),32,26,0,0.552,47,1214,351,0.289,348.2,200,170,3.41,972,352,54
2024,108,Saint Martin's (Great Northwest),27,22,0,0.551,56,1560,451,0.289,373,241,182,3.42,965,306,52
2024,109,Union (TN) (Gulf South),28,23,0,0.549,57,1477,427,0.289,347,201,170,3.43,1231,553,73
2024,110,Cal St. East Bay (CCAA),29,24,0,0.547,53,1456,420,0.288,397.2,231,197,3.47,1182,527,70
2024,110,Tiffin (G-MAC),29,24,0,0.547,53,1456,420,0.288,397.2,231,197,3.47,1182,527,70
2024,110,Young Harris (Conference Carolinas),29,24,0,0.547,53,1456,420,0.288,397.2,231,197,3.47,1182,527,70
2024,113,Florida Tech (Sunshine State),25,21,0,0.543,48,1319,379,0.287,305,184,155,3.56,1081,372,60
2024,114,Lubbock Christian (Lone Star),26,22,0,0.542,51,1364,391,0.287,352.2,237,180,3.57,859,327,49
2024,115,Indiana (PA) (PSAC),29,25,0,0.537,58,1497,429,0.287,276,184,141,3.58,742,370,46
2024,116,St. Cloud St. (NSIC),30,26,0,0.536,46,1185,338,0.285,351,227,180,3.59,1017,311,55
2024,117,California (PA) (PSAC),23,20,0,0.535,58,1515,432,0.285,385.2,263,198,3.59,1153,461,67
2024,118,Caldwell (CACC),25,22,0,0.532,24,607,173,0.285,295.1,204,152,3.6,929,360,54
2024,119,Barton (Conference Carolinas),27,24,0,0.529,55,1411,402,0.285,336.2,209,175,3.64,1143,384,64
2024,119,King (TN) (Conference Carolinas),27,24,0,0.529,55,1411,402,0.285,336.2,209,175,3.64,1143,384,64
2024,121,Northwest Mo. St. (Mid-America Intercollegiate),28,25,0,0.528,64,1815,516,0.284,374.2,235,196,3.66,943,303,53
2024,122,Belmont Abbey (Conference Carolinas),22,20,0,0.524,58,1527,434,0.284,341.2,242,179,3.67,935,399,57
2024,123,Bridgeport (CACC),25,23,0,0.521,50,1317,374,0.284,410.1,268,215,3.67,740,333,46
2024,124,Fort Hays St. (Mid-America Intercollegiate),27,25,0,0.519,47,1194,339,0.284,308.2,207,162,3.67,993,403,60
2024,125,Ill. Springfield (GLVC),28,26,0,0.519,51,1311,372,0.284,282,174,149,3.7,1035,243,55
2024,126,Millersville (PSAC),25,24,0,0.51,50,1366,387,0.283,319,210,169,3.71,991,492,64
2024,126,Northern St. (NSIC),25,24,0,0.51,50,1366,387,0.283,319,210,169,3.71,991,492,64
2024,126,St. Anselm (NE10),25,24,0,0.51,50,1366,387,0.283,319,210,169,3.71,991,492,64
2024,130,Mo.-St. Louis (GLVC),28,27,0,0.509,49,1278,361,0.282,360.2,246,193,3.75,1062,435,65
2024,131,Georgia College (Peach Belt),28,28,0,0.5,52,1399,395,0.282,377.1,240,202,3.75,1002,483,65
2024,131,Concord (MEC),27,27,0,0.5,52,1399,395,0.282,377.1,240,202,3.75,1002,483,65
2024,131,Eastern N.M. (Lone Star),26,26,0,0.5,52,1399,395,0.282,377.1,240,202,3.75,1002,483,65
2024,131,Newberry (SAC),25,25,0,0.5,52,1399,395,0.282,377.1,240,202,3.75,1002,483,65
2024,131,Saint Rose (NE10),19,19,0,0.5,52,1399,395,0.282,377.1,240,202,3.75,1002,483,65
2024,136,Cal Poly Humboldt (CCAA),24,25,0,0.49,55,1388,389,0.28,327,225,179,3.83,992,373,61
2024,137,Winston-Salem (CIAA),19,20,0,0.487,48,1232,345,0.28,284.2,208,156,3.84,828,260,49
2024,138,Goldey-Beacom (CACC),26,28,0,0.481,54,1415,395,0.279,324.2,209,178,3.84,1011,276,58
2024,138,Southeastern Okla. (GAC),26,28,0,0.481,54,1415,395,0.279,324.2,209,178,3.84,1011,276,58
2024,140,Ferris St. (GLIAC),25,27,0,0.481,49,1307,364,0.279,266.1,220,147,3.86,933,375,59
2024,140,Slippery Rock (PSAC),25,27,0,0.481,49,1307,364,0.279,266.1,220,147,3.86,933,375,59
2024,142,Shepherd (PSAC),23,26,0,0.469,41,1047,291,0.278,356.1,235,198,3.89,782,229,46
2024,143,Bentley (NE10),20,23,0,0.465,41,1066,296,0.278,349.1,237,195,3.91,912,274,54
2024,143,Bowie St. (CIAA),20,23,0,0.465,41,1066,296,0.278,349.1,237,195,3.91,912,274,54
2024,145,Ga. Southwestern (Peach Belt),25,29,0,0.463,51,1298,359,0.277,290,228,163,3.93,722,351,49
2024,145,Texas Woman's (Lone Star),25,29,0,0.463,51,1298,359,0.277,290,228,163,3.93,722,351,49
2024,147,Catawba (SAC),23,27,0,0.46,52,1338,369,0.276,302.1,218,171,3.96,1001,350,62
2024,147,Central Mo. (Mid-America Intercollegiate),23,27,0,0.46,52,1338,369,0.276,302.1,218,171,3.96,1001,350,62
2024,147,Montevallo (Gulf South),23,27,0,0.46,52,1338,369,0.276,302.1,218,171,3.96,1001,350,62
2024,150,Bloomfield (CACC),20,24,0,0.455,48,1290,355,0.275,328.1,256,190,4.05,1137,446,73
2024,151,Claflin (CIAA),19,23,0,0.452,35,880,242,0.275,333,232,193,4.06,988,415,65
2024,152,Western Ore. (Great Northwest),21,26,0,0.447,52,1388,381,0.274,364.2,258,212,4.07,1172,487,77
2024,153,Georgian Court (CACC),20,25,0,0.444,46,1239,340,0.274,202.1,177,119,4.12,920,383,61
2024,154,Missouri S&T (GLVC),27,34,0,0.443,44,1178,323,0.274,347.2,244,206,4.15,1077,350,67
2024,155,Ark.-Monticello (GAC),23,29,0,0.442,52,1372,376,0.274,259.2,187,154,4.15,1025,379,66
2024,155,Truman St. (GLVC),23,29,0,0.442,52,1372,376,0.274,259.2,187,154,4.15,1025,379,66
2024,157,Dominican (CA) (PacWest),19,24,0,0.442,52,1379,377,0.273,337,247,201,4.18,980,459,68
2024,157,Southern Conn. St. (NE10),19,24,0,0.442,52,1379,377,0.273,337,247,201,4.18,980,459,68
2024,159,Lees-McRae (Conference Carolinas),18,23,0,0.439,46,1203,328,0.273,328,243,198,4.23,827,377,57
2024,160,East Central (GAC),21,27,0,0.438,52,1321,360,0.273,345,258,210,4.26,914,437,64
2024,160,San Fran. St. (CCAA),21,27,0,0.438,52,1321,360,0.273,345,258,210,4.26,914,437,64
2024,162,Cedarville (G-MAC),24,31,0,0.436,51,1260,343,0.272,245.2,195,151,4.3,1032,376,67
2024,163,Maryville (MO) (GLVC),23,30,0,0.434,48,1275,347,0.272,310,233,191,4.31,1069,353,68
2024,164,William Jewell (GLVC),24,32,0,0.429,52,1316,358,0.272,325.1,238,201,4.32,850,399,60
2024,164,Southern Wesleyan (Conference Carolinas),21,28,0,0.429,52,1316,358,0.272,325.1,238,201,4.32,850,399,60
2024,164,Fayetteville St. (CIAA),15,20,0,0.429,52,1316,358,0.272,325.1,238,201,4.32,850,399,60
2024,167,Lee (Gulf South),20,27,0,0.426,54,1446,392,0.271,326.2,245,204,4.37,1044,349,67
2024,168,Henderson St. (GAC),22,30,0,0.423,53,1436,389,0.271,341.2,270,214,4.38,970,418,67
2024,169,Ashland (G-MAC),19,26,0,0.422,56,1488,403,0.271,379,291,239,4.41,806,286,53
2024,170,Sioux Falls (NSIC),20,28,0,0.417,48,1256,340,0.271,324,270,206,4.45,926,433,66
2024,170,Chaminade (PacWest),15,21,0,0.417,48,1256,340,0.271,324,270,206,4.45,926,433,66
2024,172,Rockhurst (GLVC),17,24,0,0.415,46,1261,341,0.27,344.2,276,220,4.47,828,356,58
2024,173,Biola (PacWest),19,27,0,0.413,52,1398,378,0.27,288,256,185,4.5,1018,451,72
2024,174,Lock Haven (PSAC),18,26,0,0.409,34,903,244,0.27,289,243,186,4.51,905,296,59
2024,175,Augusta (Peach Belt),20,29,0,0.408,42,1103,298,0.27,330,289,213,4.52,926,336,62
2024,176,Stanislaus St. (CCAA),19,28,0,0.404,44,1168,315,0.27,323.1,264,209,4.52,811,326,56
2024,177,Mercyhurst (PSAC),18,27,0,0.4,47,1254,338,0.27,340.1,253,221,4.55,1034,387,70
2024,177,Queens (NY) (ECC),18,27,0,0.4,47,1254,338,0.27,340.1,253,221,4.55,1034,387,70
2024,179,Jefferson (CACC),13,20,0,0.394,46,1233,332,0.269,311,243,203,4.57,873,329,60
2024,180,West Virginia St. (MEC),20,31,0,0.392,38,996,268,0.269,320.2,244,211,4.61,852,384,62
2024,181,Newman (Mid-America Intercollegiate),21,33,0,0.389,53,1420,382,0.269,268.2,207,178,4.64,1125,406,77
2024,182,Cal St. Monterey Bay (CCAA),19,30,0,0.388,46,1187,319,0.269,352,284,235,4.67,976,367,68
2024,182,Felician (CACC),19,30,0,0.388,46,1187,319,0.269,352,284,235,4.67,976,367,68
2024,184,CSU Pueblo (RMAC),22,35,0,0.386,55,1427,383,0.268,352,291,238,4.73,803,339,58
2024,185,Southwest Baptist (GLVC),19,31,0,0.38,49,1294,346,0.267,335.2,261,228,4.75,989,389,70
2024,186,West Ga. (Gulf South),20,33,0,0.377,43,1194,319,0.267,339.1,302,231,4.77,1179,388,80
2024,187,Christian Brothers (Gulf South),18,30,0,0.375,45,1206,322,0.267,290.1,270,198,4.77,737,353,56
2024,188,Southwest Minn. St. (NSIC),19,32,0,0.373,58,1526,406,0.266,260.2,216,178,4.78,1063,302,71
2024,188,UC-Colo. Springs (RMAC),19,32,0,0.373,58,1526,406,0.266,260.2,216,178,4.78,1063,302,71
2024,190,West Liberty (MEC),20,34,0,0.37,55,1474,391,0.265,307.1,252,211,4.81,953,382,70
2024,191,Walsh (G-MAC),17,29,0,0.37,50,1273,337,0.265,260.1,224,179,4.81,908,350,66
2024,192,Neb.-Kearney (Mid-America Intercollegiate),18,31,0,0.367,33,836,221,0.264,246.2,223,170,4.82,981,222,64
2024,193,Kentucky St. (SIAC),15,26,0,0.366,49,1261,333,0.264,307.2,251,213,4.85,1058,467,82
2024,193,Palm Beach Atl. (Sunshine State),15,26,0,0.366,49,1261,333,0.264,307.2,251,213,4.85,1058,467,82
2024,195,UNC Pembroke (Conference Carolinas),19,33,0,0.365,26,508,134,0.264,326,270,226,4.85,858,214,58
2024,195,Wis.-Parkside (GLIAC),19,33,0,0.365,26,508,134,0.264,326,270,226,4.85,858,214,58
2024,197,Central Wash. (Great Northwest),17,30,0,0.362,49,1253,330,0.263,284,254,198,4.88,886,329,66
2024,197,Fort Lewis (RMAC),17,30,0,0.362,49,1253,330,0.263,284,254,198,4.88,886,329,66
2024,197,Wayne St. (MI) (GLIAC),17,30,0,0.362,49,1253,330,0.263,284,254,198,4.88,886,329,66
2024,200,Bluefield St. (CIAA),13,24,0,0.351,44,1078,283,0.263,330.1,274,236,5,1031,300,73
2024,201,Lincoln (PA) (CIAA),14,26,0,0.35,41,1064,279,0.262,331,291,245,5.18,719,265,54
2024,202,Ky. Wesleyan (G-MAC),16,30,0,0.348,52,1351,354,0.262,298.1,267,221,5.19,879,375,69
2024,202,UVA Wise (SAC),16,30,0,0.348,52,1351,354,0.262,298.1,267,221,5.19,879,375,69
2024,204,West Va. Wesleyan (MEC),17,32,0,0.347,46,1135,297,0.262,323.1,294,240,5.2,664,236,50
2024,205,St. Edward's (Lone Star),18,34,0,0.346,50,1288,335,0.26,308.2,265,230,5.22,1003,375,77
2024,206,Edinboro (PSAC),15,29,0,0.341,48,1250,325,0.26,311,298,232,5.22,991,369,76
2024,207,N.M. Highlands (RMAC),16,31,0,0.34,43,1141,296,0.259,303.2,289,229,5.28,712,213,52
2024,208,Northwestern Okla. (GAC),17,33,0,0.34,49,1256,325,0.259,305.2,290,231,5.29,1137,406,87
2024,209,Salem (WV) (DII Independent),18,36,0,0.333,40,903,233,0.258,215,209,163,5.31,760,213,55
2024,209,Fla. Southern (Sunshine State),17,34,0,0.333,40,903,233,0.258,215,209,163,5.31,760,213,55
2024,209,Upper Iowa (GLVC),17,34,0,0.333,40,903,233,0.258,215,209,163,5.31,760,213,55
2024,209,Mercy (ECC),14,28,0,0.333,40,903,233,0.258,215,209,163,5.31,760,213,55
2024,209,Saint Michael's (NE10),12,24,0,0.333,40,903,233,0.258,215,209,163,5.31,760,213,55
2024,214,Southwestern Okla. (GAC),16,33,0,0.327,43,1176,302,0.257,329,348,258,5.49,911,398,75
2024,215,Clarion (PSAC),15,31,0,0.326,47,1239,318,0.257,365,347,287,5.5,768,292,61
2024,215,Davenport (GLIAC),15,31,0,0.326,47,1239,318,0.257,365,347,287,5.5,768,292,61
2024,215,Mars Hill (SAC),15,31,0,0.326,47,1239,318,0.257,365,347,287,5.5,768,292,61
2024,215,Staten Island (ECC),15,31,0,0.326,47,1239,318,0.257,365,347,287,5.5,768,292,61
2024,219,Black Hills St. (RMAC),15,32,0,0.319,48,1255,320,0.255,320.2,311,256,5.59,936,370,77
2024,220,Clark Atlanta (SIAC),14,30,0,0.318,49,1181,299,0.253,238.1,224,191,5.61,822,358,70
2024,220,Holy Family (CACC),14,30,0,0.318,49,1181,299,0.253,238.1,224,191,5.61,822,358,70
2024,222,Converse (Conference Carolinas),17,37,0,0.315,51,1356,343,0.253,290,286,235,5.67,814,277,65
2024,223,Chico St. (CCAA),13,29,0,0.31,45,1273,322,0.253,328,309,267,5.7,917,305,73
2024,223,Mansfield (PSAC),13,29,0,0.31,45,1273,322,0.253,328,309,267,5.7,917,305,73
2024,223,Savannah St. (SIAC),13,29,0,0.31,45,1273,322,0.253,328,309,267,5.7,917,305,73
2024,226,Quincy (GLVC),15,35,0,0.3,49,1215,306,0.252,317,314,263,5.81,971,394,82
2024,227,Midwestern St. (Lone Star),15,36,0,0.294,53,1341,337,0.251,248,312,206,5.81,1046,415,88
2024,228,Dominican (NY) (CACC),11,27,0,0.289,61,1643,412,0.251,322.1,307,268,5.82,970,357,80
2024,229,Eckerd (Sunshine State),13,32,0,0.289,38,998,249,0.249,291,295,242,5.82,907,398,79
2024,230,Ouachita Baptist (GAC),15,37,0,0.288,44,1052,262,0.249,333.2,338,278,5.83,853,263,68
2024,230,Tex. A&M Int'l (Lone Star),15,37,0,0.288,44,1052,262,0.249,333.2,338,278,5.83,853,263,68
2024,232,Miles (SIAC),12,30,0,0.286,52,1366,340,0.249,253.1,263,214,5.91,1001,385,85
2024,233,Academy of Art (PacWest),12,32,0,0.273,44,1154,286,0.248,221.1,225,188,5.95,957,395,84
2024,234,Lincoln (MO) (Mid-America Intercollegiate),13,35,0,0.271,44,1137,281,0.247,336,334,287,5.98,870,349,76
2024,235,Benedict (SIAC),11,30,0,0.268,47,1158,286,0.247,339.1,340,296,6.11,911,272,75
2024,236,Coker (SAC),12,33,0,0.267,30,718,177,0.247,265,338,234,6.18,893,356,80
2024,236,Virginia Union (CIAA),8,22,0,0.267,30,718,177,0.247,265,338,234,6.18,893,356,80
2024,238,American Int'l (NE10),9,25,0,0.265,48,1180,290,0.246,146,158,130,6.23,781,368,75
2024,239,Minn.-Crookston (NSIC),14,39,0,0.264,51,1352,332,0.246,240.2,270,218,6.34,759,355,73
2024,240,Simon Fraser (Great Northwest),11,31,0,0.262,41,945,232,0.246,286.1,299,260,6.36,986,320,87
2024,241,Bemidji St. (NSIC),13,38,0,0.255,42,986,241,0.244,280,335,255,6.38,778,270,70
2024,242,Elizabeth City St. (CIAA),6,18,0,0.25,40,991,242,0.244,304.2,343,283,6.5,662,307,65
2024,243,Chadron St. (RMAC),12,38,0,0.24,41,964,235,0.244,286.2,359,268,6.54,990,386,93
2024,243,Lynn (Sunshine State),12,38,0,0.24,41,964,235,0.244,286.2,359,268,6.54,990,386,93
2024,245,Delta St. (Gulf South),12,41,0,0.226,54,1359,330,0.243,150,229,143,6.67,871,299,80
2024,246,Livingstone (CIAA),7,24,0,0.226,46,1152,278,0.241,286,330,274,6.71,828,273,77
2024,247,Hawaii Pacific (PacWest),9,31,0,0.225,55,1455,351,0.241,276.1,361,267,6.76,822,316,80
2024,248,Northeastern St. (Mid-America Intercollegiate),10,35,0,0.222,50,1261,304,0.241,274.2,339,268,6.83,860,303,82
2024,249,D'Youville (ECC),9,33,0,0.214,54,1330,320,0.241,173.1,254,171,6.91,583,252,60
2024,250,Mary (NSIC),10,38,0,0.208,48,1198,288,0.24,265,339,266,7.03,645,244,64
2024,251,Shaw (CIAA),6,23,0,0.207,52,1307,314,0.24,274,361,277,7.08,823,303,83
2024,252,Mont. St. Billings (Great Northwest),9,38,1,0.198,33,730,175,0.24,302.1,369,309,7.15,793,275,79
2024,253,Erskine (Conference Carolinas),8,35,0,0.186,45,1164,278,0.239,220.2,292,226,7.17,817,302,84
2024,254,Wheeling (MEC),10,44,0,0.185,47,1220,288,0.236,304,386,320,7.37,840,328,89
2024,255,Western N.M. (Lone Star),9,40,0,0.184,51,1290,304,0.236,184,240,195,7.42,751,325,82
2024,256,Wayne St. (NE) (NSIC),8,40,0,0.167,52,1246,293,0.235,311.2,409,338,7.59,607,191,61
2024,256,New Haven (NE10),7,35,0,0.167,52,1246,293,0.235,311.2,409,338,7.59,607,191,61
2024,256,Pitt.-Johnstown (PSAC),7,35,0,0.167,52,1246,293,0.235,311.2,409,338,7.59,607,191,61
2024,259,Chowan (Conference Carolinas),6,33,0,0.154,50,1242,287,0.231,288.2,368,314,7.61,697,256,76
2024,259,Johnson C. Smith (CIAA),4,22,0,0.154,50,1242,287,0.231,288.2,368,314,7.61,697,256,76
2024,261,Post (CACC),7,39,0,0.152,32,778,176,0.226,239.2,334,273,7.97,796,336,96
2024,262,UT Permian Basin (Lone Star),7,44,0,0.137,29,587,130,0.221,325.1,422,372,8,551,237,68
2024,263,Ursuline (G-MAC),5,35,0,0.125,51,1297,286,0.221,259.1,358,299,8.07,777,368,105
2024,264,Adams St. (RMAC),5,48,0,0.094,40,1016,224,0.22,250.2,386,307,8.57,450,184,59
2024,265,Chestnut Hill (CACC),3,29,0,0.094,51,1206,265,0.22,117,166,150,8.97,520,226,70
2024,266,LeMoyne-Owen (SIAC),3,30,0,0.091,41,1069,234,0.219,272.1,461,370,9.51,914,489,134
2024,267,Lake Erie (G-MAC),3,37,0,0.075,42,1062,222,0.209,184,317,257,9.78,544,153,72
2024,268,Shorter (Gulf South),2,45,0,0.043,31,690,138,0.2,305,565,430,9.87,744,262,111